Serial No.,GRE Score,TOEFL Score,University Rating,SOP,LOR ,CGPA,Research,Chance of Admit ,Name,Location,Rank,Tuition and fees,In-state,Undergrad Enrollment
1,337,118,4,4.5,4.5,9.65,1,0.92,Princeton University,"Princeton, NJ",1,"$45,320 ",,"5,402"
2,324,107,4,4,4.5,8.87,1,0.76,Harvard University,"Cambridge, MA",2,"$47,074 ",,"6,699"
3,316,104,3,3,3.5,8,1,0.72,University of Chicago,"Chicago, IL",3,"$52,491 ",,"5,844"
4,322,110,3,3.5,2.5,8.67,1,0.8,Yale University,"New Haven, CT",3,"$49,480 ",,"5,532"
5,314,103,2,2,3,8.21,0,0.65,Columbia University,"New York, NY",5,"$55,056 ",,"6,102"
6,330,115,5,4.5,3,9.34,1,0.9,Stanford University,"Stanford, CA",5,"$47,940 ",,"6,999"
7,321,109,3,3,4,8.2,1,0.75,Massachusetts Institute of Technology,"Cambridge, MA",7,"$48,452 ",,"4,527"
8,308,101,2,3,4,7.9,0,0.68,Duke University,"Durham, NC",8,"$51,265 ",,"6,639"
9,302,102,1,2,1.5,8,0,0.5,University of Pennsylvania,"Philadelphia, PA",8,"$51,464 ",,"9,726"
10,323,108,3,3.5,3,8.6,0,0.45,Johns Hopkins University,"Baltimore, MD",10,"$50,410 ",,"6,524"
11,325,106,3,3.5,4,8.4,1,0.52,Dartmouth College,"Hanover, NH",11,"$51,438 ",,"4,307"
12,327,111,4,4,4.5,9,1,0.84,California Institute of Technology,"Pasadena, CA",12,"$47,577 ",,"1,001"
13,328,112,4,4,4.5,9.1,1,0.78,Northwestern University,"Evanston, IL",12,"$50,855 ",,"8,314"
14,307,109,3,4,3,8,1,0.62,Brown University,"Providence, RI",14,"$51,367 ",,"6,652"
15,311,104,3,3.5,2,8.2,1,0.61,Cornell University,"Ithaca, NY",15,"$50,953 ",,"14,315"
16,314,105,3,3.5,2.5,8.3,0,0.54,Rice University,"Houston, TX",15,"$43,918 ",,"3,910"
17,317,107,3,4,3,8.7,0,0.66,University of Notre Dame,"Notre Dame, IN",15,"$49,685 ",,"8,462"
18,319,106,3,4,3,8,1,0.65,Vanderbilt University,"Nashville, TN",15,"$45,610 ",,"6,883"
19,318,110,3,4,3,8.8,0,0.63,Washington University in St. Louis,"St. Louis, MO",19,"$49,770 ",,"7,504"
20,303,102,3,3.5,3,8.5,0,0.62,Emory University,"Atlanta, GA",20,"$47,954 ",,"6,867"
21,312,107,3,3,2,7.9,1,0.64,Georgetown University,"Washington, DC",20,"$50,547 ",,"7,562"
22,325,114,4,3,2,8.4,0,0.7,University of California--Berkeley,"Berkeley, CA",20,"$40,191 ","$13,509 ","27,496"
23,328,116,5,5,5,9.5,1,0.94,University of Southern California,"Los Angeles, CA",23,"$52,217 ",,"18,810"
24,334,119,5,5,4.5,9.7,1,0.95,Carnegie Mellon University,"Pittsburgh, PA",24,"$52,040 ",,"6,454"
25,336,119,5,4,3.5,9.8,1,0.97,University of California--Los Angeles,"Los Angeles, CA",24,"$39,518 ","$12,836 ","29,585"
26,340,120,5,4.5,4.5,9.6,1,0.94,University of Virginia,"Charlottesville, VA",24,"$45,066 ","$15,722 ","16,736"
27,322,109,5,4.5,3.5,8.8,0,0.76,Tufts University,"Medford, MA",27,"$52,430 ",,"5,290"
28,298,98,2,1.5,2.5,7.5,1,0.44,University of Michigan--Ann Arbor,"Ann Arbor, MI",27,"$43,476 ","$13,856 ","28,312"
29,295,93,1,2,2,7.2,0,0.46,Wake Forest University,"Winston-Salem, NC",27,"$49,308 ",,"4,871"
30,310,99,2,1.5,2,7.3,0,0.54,University of North Carolina--Chapel Hill,"Chapel Hill, NC",30,"$33,916 ","$8,834 ","18,415"
31,300,97,2,3,3,8.1,1,0.65,Boston College,"Chestnut Hill, MA",31,"$51,296 ",,"9,192"
32,327,103,3,4,4,8.3,1,0.74,College of William & Mary,"Williamsburg, VA",32,"$41,718 ","$18,687 ","6,301"
33,338,118,4,3,4.5,9.4,1,0.91,University of Rochester,"Rochester, NY",32,"$50,142 ",,"6,304"
34,340,114,5,4,4,9.6,1,0.9,Brandeis University,"Waltham, MA",34,"$51,570 ",,"3,621"
35,331,112,5,4,5,9.8,1,0.94,Georgia Institute of Technology,"Atlanta, GA",34,"$32,404 ","$12,212 ","15,142"
36,320,110,5,5,5,9.2,1,0.88,New York University,"New York, NY",36,"$49,062 ",,"25,722"
37,299,106,2,4,4,8.4,0,0.64,Case Western Reserve University,"Cleveland, OH",37,"$46,006 ",,"5,121"
38,300,105,1,1,2,7.8,0,0.58,University of California--Santa Barbara,"Santa Barbara, CA",37,"$40,704 ","$14,022 ","20,607"
39,304,105,1,3,1.5,7.5,0,0.52,Boston University,"Boston, MA",39,"$50,240 ",,"17,932"
40,307,108,2,4,3.5,7.7,0,0.48,Northeastern University,"Boston, MA",39,"$47,655 ",,"13,697"
41,308,110,3,3.5,3,8,1,0.46,Rensselaer Polytechnic Institute,"Troy, NY",39,"$50,797 ",,"5,864"
42,316,105,2,2.5,2.5,8.2,1,0.49,Tulane University,"New Orleans, LA",39,"$51,010 ",,"6,662"
43,313,107,2,2.5,2,8.5,1,0.53,University of California--Irvine,"Irvine, CA",39,"$39,458 ","$14,750 ","25,256"
44,332,117,4,4.5,4,9.1,0,0.87,Lehigh University,"Bethlehem, PA",44,"$48,320 ",,"5,075"
45,326,113,5,4.5,4,9.4,1,0.91,University of California--Davis,"Davis, CA",44,"$40,728 ","$14,046 ","28,384"
46,322,110,5,5,4,9.1,1,0.88,University of California--San Diego,"La Jolla, CA",44,"$41,387 ","$14,705 ","26,590"
47,329,114,5,4,5,9.3,1,0.86,University of Illinois--Urbana-Champaign,"Champaign, IL",44,"$31,320 ","$15,698 ","33,368"
48,339,119,5,4.5,4,9.7,0,0.89,University of Miami,"Coral Gables, FL",44,"$47,004 ",,"11,122"
49,321,110,3,3.5,5,8.85,1,0.82,University of Wisconsin--Madison,"Madison, WI",44,"$32,738 ","$10,488 ","31,662"
50,327,111,4,3,4,8.4,1,0.78,Pepperdine University,"Malibu, CA",50,"$50,022 ",,"3,533"
51,313,98,3,2.5,4.5,8.3,1,0.76,University of Florida,"Gainesville, FL",50,"$28,666 ","$6,389 ","35,043"
52,312,100,2,1.5,3.5,7.9,1,0.56,Villanova University,"Villanova, PA",50,"$49,280 ",,"6,994"
53,334,116,4,4,3,8,1,0.78,Pennsylvania State University--University Park,"University Park, PA",50,"$32,382 ","$17,900 ","40,742"
54,324,112,4,4,2.5,8.1,1,0.72,Ohio State University--Columbus,"Columbus, OH",54,"$29,229 ","$10,037 ","45,289"
55,322,110,3,3,3.5,8,0,0.7,University of Washington,"Seattle, WA",54,"$34,791 ","$10,753 ","31,063"
56,320,103,3,3,3,7.7,0,0.64,George Washington University,"Washington, DC",56,"$51,950 ",,"11,157"
57,316,102,3,2,3,7.4,0,0.64,Southern Methodist University,"Dallas, TX",56,"$50,358 ",,"6,411"
58,298,99,2,4,2,7.6,0,0.46,University of Georgia,"Athens, GA",56,"$29,844 ","$11,634 ","27,547"
59,300,99,1,3,2,6.8,1,0.36,University of Texas--Austin,"Austin, TX",56,"$34,676 ","$9,806 ","39,619"
60,311,104,2,2,2,8.3,0,0.42,Fordham University,"New York, NY",60,"$47,317 ",,"8,855"
61,309,100,2,3,3,8.1,0,0.48,Purdue University--West Lafayette,"West Lafayette, IN",60,"$28,804 ","$10,002 ","29,497"
62,307,101,3,4,3,8.2,0,0.47,Syracuse University,"Syracuse, NY",60,"$45,022 ",,"15,196"
63,304,105,2,3,3,8.2,1,0.54,University of Connecticut,"Storrs, CT",60,"$35,858 ","$14,066 ","18,826"
64,315,107,2,4,3,8.5,1,0.56,University of Maryland--College Park,"College Park, MD",60,"$32,045 ","$10,181 ","27,443"
65,325,111,3,3,3.5,8.7,0,0.52,Worcester Polytechnic Institute,"Worcester, MA",60,"$46,994 ",,"4,299"
66,325,112,4,3.5,3.5,8.92,0,0.55,Clemson University,"Clemson, SC",66,"$32,796 ","$14,240 ","18,016"
67,327,114,3,3,3,9.02,0,0.61,Yeshiva University,"New York, NY",66,"$40,670 ",,"2,744"
68,316,107,2,3.5,3.5,8.64,1,0.57,Brigham Young University--Provo,"Provo, UT",68,"$5,300 ",,"30,221"
69,318,109,3,3.5,4,9.22,1,0.68,University of Pittsburgh,"Pittsburgh, PA",68,"$29,758 ","$18,618 ","18,908"
70,328,115,4,4.5,4,9.16,1,0.78,Rutgers University--New Brunswick,"Piscataway, NJ",70,"$30,023 ","$14,372 ","35,484"
71,332,118,5,5,5,9.64,1,0.94,Baylor University,"Waco, TX",71,"$42,006 ",,"14,189"
72,336,112,5,5,5,9.76,1,0.96,Stevens Institute of Technology,"Hoboken, NJ",71,"$48,838 ",,"2,873"
73,321,111,5,5,5,9.45,1,0.93,University of Minnesota--Twin Cities,"Minneapolis, MN",71,"$22,210 ","$13,790 ","34,071"
74,314,108,4,4.5,4,9.04,1,0.84,American University,"Washington, DC",74,"$44,853 ",,"7,909"
75,314,106,3,3,5,8.9,0,0.74,Clark University,"Worcester, MA",74,"$43,150 ",,"2,397"
76,329,114,2,2,4,8.56,1,0.72,Texas A&M University--College Station,"College Station, TX",74,"$28,768 ","$10,176 ","48,960"
77,327,112,3,3,3,8.72,1,0.74,University of Massachusetts--Amherst,"Amherst, MA",74,"$30,123 ","$13,790 ","22,748"
78,301,99,2,3,2,8.22,0,0.64,Virginia Tech,"Blacksburg, VA",74,"$29,371 ","$12,852 ","25,384"
79,296,95,2,3,2,7.54,1,0.44,Miami University--Oxford,"Oxford, OH",79,"$31,592 ","$14,288 ","16,387"
80,294,93,1,1.5,2,7.36,0,0.46,University of California--Santa Cruz,"Santa Cruz, CA",79,"$40,241 ","$13,559 ","16,231"
81,312,105,3,2,3,8.02,1,0.5,University of Delaware,"Newark, DE",79,"$31,420 ","$12,520 ","18,322"
82,340,120,4,5,5,9.5,1,0.96,Colorado School of Mines,"Golden, CO",82,"$34,828 ","$17,383 ","4,608"
83,320,110,5,5,4.5,9.22,1,0.92,Michigan State University,"East Lansing, MI",82,"$39,090 ","$14,070 ","39,143"
84,322,115,5,4,4.5,9.36,1,0.92,Texas Christian University,"Fort Worth, TX",82,"$42,670 ",,"8,894"
85,340,115,5,4.5,4.5,9.45,1,0.94,University of Iowa,"Iowa City, IA",82,"$28,413 ","$8,325 ","23,357"
86,319,103,4,4.5,3.5,8.66,0,0.76,Binghamton University--SUNY,"Binghamton, NY",86,"$22,164 ","$9,044 ","13,491"
87,315,106,3,4.5,3.5,8.42,0,0.72,Indiana University--Bloomington,"Bloomington, IN",86,"$34,246 ","$10,388 ","38,364"
88,317,107,2,3.5,3,8.28,0,0.66,Marquette University,"Milwaukee, WI",86,"$38,470 ",,"8,334"
89,314,108,3,4.5,3.5,8.14,0,0.64,University of Denver,"Denver, CO",86,"$46,362 ",,"5,758"
90,316,109,4,4.5,3.5,8.76,1,0.74,University of San Diego,"San Diego, CA",86,"$46,140 ",,"5,647"
91,318,106,2,4,4,7.92,1,0.64,University of Tulsa,"Tulsa, OK",86,"$38,796 ",,"3,478"
92,299,97,3,5,3.5,7.66,0,0.38,Florida State University,"Tallahassee, FL",92,"$24,673 ","$9,507 ","32,706"
93,298,98,2,4,3,8.03,0,0.34,North Carolina State University--Raleigh,"Raleigh, NC",92,"$26,399 ","$8,880 ","24,111"
94,301,97,2,3,3,7.88,1,0.44,University of Colorado--Boulder,"Boulder, CO",92,"$35,079 ","$11,531 ","27,010"
95,303,99,3,2,2.5,7.66,0,0.36,University of Vermont,"Burlington, VT",92,"$40,364 ","$17,300 ","10,973"
96,304,100,4,1.5,2.5,7.84,0,0.42,Drexel University,"Philadelphia, PA",96,"$51,030 ",,"14,138"
97,306,100,2,3,3,8,0,0.48,Saint Louis University,"St. Louis, MO",96,"$40,726 ",,"8,248"
98,331,120,3,4,4,8.96,1,0.86,Stony Brook University--SUNY,"Stony Brook, NY",96,"$26,266 ","$9,026 ","16,831"
99,332,119,4,5,4.5,9.24,1,0.9,Auburn University,"Auburn, AL",99,"$28,840 ","$10,696 ","21,786"
100,323,113,3,4,4,8.88,1,0.79,Loyola University Chicago,"Chicago, IL",99,"$41,384 ",,"11,079"
101,322,107,3,3.5,3.5,8.46,1,0.71,SUNY College of Environmental Science and Forestry,"Syracuse, NY",99,"$17,620 ","$7,770 ","1,839"
102,312,105,2,2.5,3,8.12,0,0.64,University at Buffalo--SUNY,"Buffalo, NY",99,"$26,270 ","$9,770 ","19,951"
103,314,106,2,4,3.5,8.25,0,0.62,Illinois Institute of Technology,"Chicago, IL",103,"$45,214 ",,"2,991"
104,317,104,2,4.5,4,8.47,0,0.57,University of Alabama,"Tuscaloosa, AL",103,"$26,950 ","$10,470 ","31,958"
105,326,112,3,3.5,3,9.05,1,0.74,University of Oregon,"Eugene, OR",103,"$33,442 ","$10,762 ","20,538"
106,316,110,3,4,4.5,8.78,1,0.69,University of Tennessee,"Knoxville, TN",103,"$30,858 ","$12,668 ","21,863"
107,329,111,4,4.5,4.5,9.18,1,0.87,Rochester Institute of Technology,"Rochester, NY",107,"$38,568 ",,"12,607"
108,338,117,4,3.5,4.5,9.46,1,0.91,University of New Hampshire,"Durham, NH",107,"$31,424 ","$17,624 ","13,034"
109,331,116,5,5,5,9.38,1,0.93,University of San Francisco,"San Francisco, CA",107,"$44,494 ",,"6,782"
110,304,103,5,5,4,8.64,0,0.68,University of South Carolina,"Columbia, SC",107,"$31,282 ","$11,854 ","25,237"
111,305,108,5,3,3,8.48,0,0.61,Iowa State University,"Ames, IA",111,"$21,483 ","$7,969 ","30,034"
112,321,109,4,4,4,8.68,1,0.69,University of Dayton,"Dayton, OH",111,"$40,940 ",,"8,665"
113,301,107,3,3.5,3.5,8.34,1,0.62,University of Missouri,"Columbia, MO",111,"$25,892 ","$9,518 ","27,812"
114,320,110,2,4,3.5,8.56,0,0.72,University of Nebraska--Lincoln,"Lincoln, NE",111,"$23,148 ","$8,628 ","20,182"
115,311,105,3,3.5,3,8.45,1,0.59,University of Oklahoma,"Norman, OK",111,"$21,451 ","$8,065 ","22,132"
116,310,106,4,4.5,4.5,9.04,1,0.66,University of the Pacific,"Stockton, CA",111,"$44,588 ",,"3,735"
117,299,102,3,4,3.5,8.62,0,0.56,University of Utah,"Salt Lake City, UT",111,"$27,039 ","$8,518 ","23,794"
118,290,104,4,2,2.5,7.46,0,0.45,Michigan Technological University,"Houghton, MI",118,"$30,968 ","$14,634 ","5,721"
119,296,99,2,3,3.5,7.28,0,0.47,Seton Hall University,"South Orange, NJ",118,"$39,258 ",,"6,090"
120,327,104,5,3,3.5,8.84,1,0.71,Temple University,"Philadelphia, PA",118,"$25,994 ","$15,688 ","28,609"
121,335,117,5,5,5,9.56,1,0.94,University of California--Riverside,"Riverside, CA",118,"$40,263 ","$13,581 ","18,608"
122,334,119,5,4.5,4.5,9.48,1,0.94,University of Kansas,"Lawrence, KS",118,"$25,932 ","$10,549 ","19,245"
123,310,106,4,1.5,2.5,8.36,0,0.57,University of St. Thomas,"St. Paul, MN",118,"$39,594 ",,"6,240"
124,308,108,3,3.5,3.5,8.22,0,0.61,The Catholic University of America,"Washington, DC",124,"$42,536 ",,"3,480"
125,301,106,4,2.5,3,8.47,0,0.57,DePaul University,"Chicago, IL",124,"$37,626 ",,"15,961"
126,300,100,3,2,3,8.66,1,0.64,Duquesne University,"Pittsburgh, PA",124,"$35,062 ",,"5,961"
127,323,113,3,4,3,9.32,1,0.85,Howard University,"Washington, DC",124,"$24,908 ",,"6,883"
128,319,112,3,2.5,2,8.71,1,0.78,University of Arizona,"Tucson, AZ",124,"$30,025 ","$10,872 ","33,732"
129,326,112,3,3.5,3,9.1,1,0.84,Arizona State University--Tempe,"Tempe, AZ",129,"$25,458 ","$10,158 ","41,828"
130,333,118,5,5,5,9.35,1,0.92,Clarkson University,"Potsdam, NY",129,"$46,132 ",,"3,257"
131,339,114,5,4,4.5,9.76,1,0.96,Colorado State University,"Fort Collins, CO",129,"$28,374 ","$11,080 ","24,433"
132,303,105,5,5,4.5,8.65,0,0.77,New School,"New York, NY",129,"$45,535 ",,"6,792"
133,309,105,5,3.5,3.5,8.56,0,0.71,Hofstra University,"Hempstead, NY",133,"$42,160 ",,"6,824"
134,323,112,5,4,4.5,8.78,0,0.79,University of Kentucky,"Lexington, KY",133,"$26,334 ","$11,484 ","22,705"
135,333,113,5,4,4,9.28,1,0.89,Kansas State University,"Manhattan, KS",135,"$23,429 ","$9,350 ","19,859"
136,314,109,4,3.5,4,8.77,1,0.82,Louisiana State University--Baton Rouge,"Baton Rouge, LA",135,"$27,005 ","$9,842 ","26,156"
137,312,103,3,5,4,8.45,0,0.76,Mercer University,"Macon, GA",135,"$35,130 ",,"4,667"
138,316,100,2,1.5,3,8.16,1,0.71,New Jersey Institute of Technology,"Newark, NJ",135,"$30,326 ","$16,108 ","8,008"
139,326,116,2,4.5,3,9.08,1,0.8,Rutgers University--Newark,"Newark, NJ",135,"$29,480 ","$13,829 ","7,713"
140,318,109,1,3.5,3.5,9.12,0,0.78,University of Arkansas,"Fayetteville, AR",135,"$23,168 ","$8,820 ","22,159"
141,329,110,2,4,3,9.15,1,0.84,University of Cincinnati,"Cincinnati, OH",135,"$26,334 ","$11,000 ","25,054"
142,332,118,2,4.5,3.5,9.36,1,0.9,University of Mississippi,"University, MS",135,"$22,012 ","$7,744 ","18,785"
143,331,115,5,4,3.5,9.44,1,0.92,George Mason University,"Fairfax, VA",143,"$32,582 ","$11,300 ","23,062"
144,340,120,4,4.5,4,9.92,1,0.97,Oregon State University,"Corvallis, OR",143,"$28,846 ","$10,366 ","24,612"
145,325,112,2,3,3.5,8.96,1,0.8,Washington State University,"Pullman, WA",143,"$25,673 ","$11,041 ","24,470"
146,320,113,2,2,2.5,8.64,1,0.81,Adelphi University,"Garden City, NY",146,"$34,034 ",,"4,852"
147,315,105,3,2,2.5,8.48,0,0.75,Ohio University,"Athens, OH",146,"$21,208 ","$11,744 ","23,513"
148,326,114,3,3,3,9.11,1,0.83,San Diego State University,"San Diego, CA",146,"$18,244 ","$7,084 ","29,234"
149,339,116,4,4,3.5,9.8,1,0.96,St. John Fisher College,"Rochester, NY",146,"$31,880 ",,"2,805"
150,311,106,2,3.5,3,8.26,1,0.79,University at Albany--SUNY,"Albany, NY",146,"$22,244 ","$9,124 ","12,908"
151,334,114,4,4,4,9.43,1,0.93,University of Texas--Dallas,"Richardson, TX",146,"$33,654 ","$12,162 ","15,575"
152,332,116,5,5,5,9.28,1,0.94,Illinois State University,"Normal, IL",152,"$20,886 ","$13,296 ","18,426"
153,321,112,5,5,5,9.06,1,0.86,Immaculata University,"Immaculata, PA",152,"$35,210 ",,"1,790"
154,324,105,3,3,4,8.75,0,0.79,Oklahoma State University,"Stillwater, OK",152,"$20,978 ","$7,778 ","21,046"
155,326,108,3,3,3.5,8.89,0,0.8,University of California--Merced,"Merced, CA",152,"$39,944 ","$13,262 ","6,237"
156,312,109,3,3,3,8.69,0,0.77,University of Illinois--Chicago,"Chicago, IL",152,"$26,526 ","$13,670 ","17,575"
157,315,105,3,2,2.5,8.34,0,0.7,University of La Verne,"La Verne, CA",152,"$39,900 ",,"2,864"
158,309,104,2,2,2.5,8.26,0,0.65,University of Massachusetts--Lowell,"Lowell, MA",152,"$29,125 ","$13,427 ","13,266"
159,306,106,2,2,2.5,8.14,0,0.61,Seattle Pacific University,"Seattle, WA",159,"$38,940 ",,"3,202"
160,297,100,1,1.5,2,7.9,0,0.52,University of Alabama--Birmingham,"Birmingham, AL",159,"$17,654 ","$7,766 ","11,511"
161,315,103,1,1.5,2,7.86,0,0.57,University of Maryland--Baltimore County,"Baltimore, MD",159,"$24,492 ","$11,264 ","11,243"
162,298,99,1,1.5,3,7.46,0,0.53,University of Rhode Island,"Kingston, RI",159,"$28,852 ","$12,862 ","13,641"
163,318,109,3,3,3,8.5,0,0.67,University of South Florida,"Tampa, FL",159,"$17,325 ","$6,410 ","31,111"
164,317,105,3,3.5,3,8.56,0,0.68,Biola University,"La Mirada, CA",164,"$36,696 ",,"4,225"
165,329,111,4,4.5,4,9.01,1,0.81,Maryville University of St. Louis,"St Louis, MO",164,"$27,958 ",,"2,795"
166,322,110,5,4.5,4,8.97,0,0.78,Missouri University of Science & Technology,"Rolla, MO",164,"$26,152 ","$9,628 ","6,841"
167,302,102,3,3.5,5,8.33,0,0.65,St. John's University,"Queens, NY",164,"$39,460 ",,"16,210"
168,313,102,3,2,3,8.27,0,0.64,Virginia Commonwealth University,"Richmond, VA",164,"$31,608 ","$13,076 ","24,051"
169,293,97,2,2,4,7.8,1,0.64,Union University,"Jackson, TN",169,"$30,420 ",,"2,829"
170,311,99,2,2.5,3,7.98,0,0.65,University of Hawaii--Manoa,"Honolulu, HI",169,"$33,764 ","$11,732 ","13,689"
171,312,101,2,2.5,3.5,8.04,1,0.68,Edgewood College,"Madison, WI",171,"$27,530 ",,"1,813"
172,334,117,5,4,4.5,9.07,1,0.89,Florida Institute of Technology,"Melbourne, FL",171,"$40,446 ",,"3,586"
173,322,110,4,4,5,9.13,1,0.86,University of Idaho,"Moscow, ID",171,"$22,040 ","$7,232 ","9,116"
174,323,113,4,4,4.5,9.23,1,0.89,University of Louisville,"Louisville, KY",171,"$24,626 ","$10,738 ","15,769"
175,321,111,4,4,4,8.97,1,0.87,University of Wyoming,"Laramie, WY",171,"$16,215 ","$5,055 ","10,045"
176,320,111,4,4.5,3.5,8.87,1,0.85,Ball State University,"Muncie, IN",176,"$25,428 ","$9,654 ","16,602"
177,329,119,4,4.5,4.5,9.16,1,0.9,Lipscomb University,"Nashville, TN",176,"$29,756 ",,"3,030"
178,319,110,3,3.5,3.5,9.04,0,0.82,Mississippi State University,"Mississippi State, MS",176,"$20,142 ","$7,502 ","17,421"
179,309,108,3,2.5,3,8.12,0,0.72,Montclair State University,"Montclair, NJ",176,"$20,318 ","$11,771 ","16,336"
180,307,102,3,3,3,8.27,0,0.73,Texas Tech University,"Lubbock, TX",176,"$22,861 ","$10,622 ","29,237"
181,300,104,3,3.5,3,8.16,0,0.71,University of Central Florida,"Orlando, FL",176,"$22,467 ","$6,368 ","54,513"
182,305,107,2,2.5,2.5,8.42,0,0.71,University of New Mexico,"Albuquerque, NM",176,"$21,302 ","$7,071 ","20,522"
183,299,100,2,3,3.5,7.88,0,0.68,Andrews University,"Berrien Springs, MI",183,"$27,684 ",,"1,733"
184,314,110,3,4,4,8.8,0,0.75,Azusa Pacific University,"Azusa, CA",183,"$36,120 ",,"5,883"
185,316,106,2,2.5,4,8.32,0,0.72,University of Maine,"Orono, ME",183,"$29,498 ","$10,628 ","9,297"
186,327,113,4,4.5,4.5,9.11,1,0.89,West Virginia University,"Morgantown, WV",183,"$21,432 ","$7,632 ","22,498"
187,317,107,3,3.5,3,8.68,1,0.84,Widener University,"Chester, PA",183,"$42,870 ",,"3,554"
188,335,118,5,4.5,3.5,9.44,1,0.93,Kent State University,"Kent, OH",188,"$18,376 ","$10,012 ","23,607"
189,331,115,5,4.5,3.5,9.36,1,0.93,North Dakota State University,"Fargo, ND",188,"$19,790 ","$9,046 ","12,037"
190,324,112,5,5,5,9.08,1,0.88,Pace University,"New York, NY",188,"$42,772 ",,"8,747"
191,324,111,5,4.5,4,9.16,1,0.9,Robert Morris University,"Moon Township, PA",188,"$28,250 ",,"4,497"
192,323,110,5,4,5,8.98,1,0.87,Suffolk University,"Boston, MA",188,"$35,578 ",,"5,565"
193,322,114,5,4.5,4,8.94,1,0.86,University of Hartford,"West Hartford, CT",188,"$37,790 ",,"5,246"
194,336,118,5,4.5,5,9.53,1,0.94,Bowling Green State University,"Bowling Green, OH",194,"$18,332 ","$10,796 ","14,334"
195,316,109,3,3.5,3,8.76,0,0.77,University of Houston,"Houston, TX",194,"$25,410 ","$10,710 ","34,716"
196,307,107,2,3,3.5,8.52,1,0.78,Western Michigan University,"Kalamazoo, MI",194,"$25,713 ","$11,029 ","18,567"
197,306,105,2,3,2.5,8.26,0,0.73,Indiana University-Purdue University--Indianapolis,"Indianapolis, IN",197,"$29,791 ","$9,205 ","21,985"
198,310,106,2,3.5,2.5,8.33,0,0.73,Lesley University,"Cambridge, MA",197,"$25,750 ",,"1,520"
199,311,104,3,4.5,4.5,8.43,0,0.7,University of Alabama--Huntsville,"Huntsville, AL",197,"$20,622 ","$9,128 ","6,013"
200,313,107,3,4,4.5,8.69,0,0.72,University of Colorado--Denver,"Denver, CO",197,"$29,334 ","$10,404 ","14,036"
201,317,103,3,2.5,3,8.54,1,0.73,University of Nevada--Reno,"Reno, NV",197,"$21,052 ","$7,142 ","17,770"
202,315,110,2,3.5,3,8.46,1,0.72,California State University--Fullerton,"Fullerton, CA",202,"$17,596 ","$6,436 ","33,144"
203,340,120,5,4.5,4.5,9.91,1,0.97,Central Michigan University,"Mount Pleasant, MI",202,"$23,670 ","$12,150 ","20,498"
204,334,120,5,4,5,9.87,1,0.97,Louisiana Tech University,"Ruston, LA",202,"$25,851 ","$8,853 ","10,682"
205,298,105,3,3.5,4,8.54,0,0.69,South Dakota State University,"Brookings, SD",202,"$11,403 ","$8,172 ","11,007"
206,295,99,2,2.5,3,7.65,0,0.57,University of Alaska--Fairbanks,"Fairbanks, AK",202,"$22,469 ","$7,799 ","7,610"
207,315,99,2,3.5,3,7.89,0,0.63,University of North Carolina--Charlotte,"Charlotte, NC",202,"$20,193 ","$6,617 ","22,732"
208,310,102,3,3.5,4,8.02,1,0.66,University of North Dakota,"Grand Forks, ND",202,"$18,899 ","$4,965 ","11,577"
209,305,106,2,3,3,8.16,0,0.64,University of South Dakota,"Vermillion, SD",202,"$11,688 ","$8,457 ","7,435"
210,301,104,3,3.5,4,8.12,1,0.68,East Carolina University,"Greenville, NC",210,"$22,904 ","$6,946 ","23,039"
211,325,108,4,4.5,4,9.06,1,0.79,Montana State University,"Bozeman, MT",210,"$23,042 ","$7,031 ","13,707"
212,328,110,4,5,4,9.14,1,0.82,Old Dominion University,"Norfolk, VA",210,"$27,028 ","$10,048 ","20,101"
213,338,120,4,5,5,9.66,1,0.95,University of Missouri--Kansas City,"Kansas City, MO",210,"$22,714 ","$9,551 ","11,253"
214,333,119,5,5,4.5,9.78,1,0.96,Ashland University,"Ashland, OH",214,"$20,392 ",,"3,716"
215,331,117,4,4.5,5,9.42,1,0.94,Dallas Baptist University,"Dallas, TX",214,"$26,180 ",,"3,315"
216,330,116,5,5,4.5,9.36,1,0.93,Northern Illinois University,"DeKalb, IL",214,"$23,799 ","$14,334 ","15,027"
217,322,112,4,4.5,4.5,9.26,1,0.91,Nova Southeastern University,"Ft. Lauderdale, FL",214,"$27,660 ",,"4,641"
218,321,109,4,4,4,9.13,1,0.85,Southern Illinois University--Carbondale,"Carbondale, IL",214,"$27,130 ","$13,481 ","13,031"
219,324,110,4,3,3.5,8.97,1,0.84,University of Montana,"Missoula, MT",214,"$24,562 ","$6,446 ","8,732"
220,312,104,3,3.5,3.5,8.42,0,0.74,Benedictine University,"Lisle, IL",220,"$32,170 ",,"3,347"
221,313,103,3,4,4,8.75,0,0.76,California State University--Fresno,"Fresno, CA",220,"$17,209 ","$6,313 ","21,482"
222,316,110,3,3.5,4,8.56,0,0.75,Gardner-Webb University,"Boiling Springs, NC",220,"$29,850 ",,"2,615"
223,324,113,4,4.5,4,8.79,0,0.76,New Mexico State University,"Las Cruces, NM",220,"$21,234 ","$6,729 ","12,526"
224,308,109,2,3,4,8.45,0,0.71,Shenandoah University,"Winchester, VA",220,"$31,322 ",,"2,010"
225,305,105,2,3,2,8.23,0,0.67,Tennessee Technological University,"Cookeville, TN",220,"$24,800 ","$16,311 ","9,801"
226,296,99,2,2.5,2.5,8.03,0,0.61,University of Massachusetts--Boston,"Boston, MA",220,"$32,023 ","$13,435 ","12,949"
227,306,110,2,3.5,4,8.45,0,0.63,University of Massachusetts--Dartmouth,"North Dartmouth, MA",220,"$19,270 ","$12,588 ","7,295"
228,312,110,2,3.5,3,8.53,0,0.64,University of Missouri--St. Louis,"St. Louis, MO",220,"$26,277 ","$10,065 ","13,569"
229,318,112,3,4,3.5,8.67,0,0.71,University of North Carolina--Greensboro,"Greensboro, NC",220,"$21,595 ","$6,733 ","15,951"
230,324,111,4,3,3,9.01,1,0.82,University of Southern Mississippi,"Hattiesburg, MS",220,"$16,094 ","$7,224 ","11,840"
231,313,104,3,4,4.5,8.65,0,0.73,Utah State University,"Logan, UT",220,"$19,772 ","$6,866 ","25,259"
232,319,106,3,3.5,2.5,8.33,1,0.74,,,,,,
233,312,107,2,2.5,3.5,8.27,0,0.69,,,,,,
234,304,100,2,2.5,3.5,8.07,0,0.64,,,,,,
235,330,113,5,5,4,9.31,1,0.91,,,,,,
236,326,111,5,4.5,4,9.23,1,0.88,,,,,,
237,325,112,4,4,4.5,9.17,1,0.85,,,,,,
238,329,114,5,4.5,5,9.19,1,0.86,,,,,,
239,310,104,3,2,3.5,8.37,0,0.7,,,,,,
240,299,100,1,1.5,2,7.89,0,0.59,,,,,,
241,296,101,1,2.5,3,7.68,0,0.6,,,,,,
242,317,103,2,2.5,2,8.15,0,0.65,,,,,,
243,324,115,3,3.5,3,8.76,1,0.7,,,,,,
244,325,114,3,3.5,3,9.04,1,0.76,,,,,,
245,314,107,2,2.5,4,8.56,0,0.63,,,,,,
246,328,110,4,4,2.5,9.02,1,0.81,,,,,,
247,316,105,3,3,3.5,8.73,0,0.72,,,,,,
248,311,104,2,2.5,3.5,8.48,0,0.71,,,,,,
249,324,110,3,3.5,4,8.87,1,0.8,,,,,,
250,321,111,3,3.5,4,8.83,1,0.77,,,,,,
251,320,104,3,3,2.5,8.57,1,0.74,,,,,,
252,316,99,2,2.5,3,9,0,0.7,,,,,,
253,318,100,2,2.5,3.5,8.54,1,0.71,,,,,,
254,335,115,4,4.5,4.5,9.68,1,0.93,,,,,,
255,321,114,4,4,5,9.12,0,0.85,,,,,,
256,307,110,4,4,4.5,8.37,0,0.79,,,,,,
257,309,99,3,4,4,8.56,0,0.76,,,,,,
258,324,100,3,4,5,8.64,1,0.78,,,,,,
259,326,102,4,5,5,8.76,1,0.77,,,,,,
260,331,119,4,5,4.5,9.34,1,0.9,,,,,,
261,327,108,5,5,3.5,9.13,1,0.87,,,,,,
262,312,104,3,3.5,4,8.09,0,0.71,,,,,,
263,308,103,2,2.5,4,8.36,1,0.7,,,,,,
264,324,111,3,2.5,1.5,8.79,1,0.7,,,,,,
265,325,110,2,3,2.5,8.76,1,0.75,,,,,,
266,313,102,3,2.5,2.5,8.68,0,0.71,,,,,,
267,312,105,2,2,2.5,8.45,0,0.72,,,,,,
268,314,107,3,3,3.5,8.17,1,0.73,,,,,,
269,327,113,4,4.5,5,9.14,0,0.83,,,,,,
270,308,108,4,4.5,5,8.34,0,0.77,,,,,,
271,306,105,2,2.5,3,8.22,1,0.72,,,,,,
272,299,96,2,1.5,2,7.86,0,0.54,,,,,,
273,294,95,1,1.5,1.5,7.64,0,0.49,,,,,,
274,312,99,1,1,1.5,8.01,1,0.52,,,,,,
275,315,100,1,2,2.5,7.95,0,0.58,,,,,,
276,322,110,3,3.5,3,8.96,1,0.78,,,,,,
277,329,113,5,5,4.5,9.45,1,0.89,,,,,,
278,320,101,2,2.5,3,8.62,0,0.7,,,,,,
279,308,103,2,3,3.5,8.49,0,0.66,,,,,,
280,304,102,2,3,4,8.73,0,0.67,,,,,,
281,311,102,3,4.5,4,8.64,1,0.68,,,,,,
282,317,110,3,4,4.5,9.11,1,0.8,,,,,,
283,312,106,3,4,3.5,8.79,1,0.81,,,,,,
284,321,111,3,2.5,3,8.9,1,0.8,,,,,,
285,340,112,4,5,4.5,9.66,1,0.94,,,,,,
286,331,116,5,4,4,9.26,1,0.93,,,,,,
287,336,118,5,4.5,4,9.19,1,0.92,,,,,,
288,324,114,5,5,4.5,9.08,1,0.89,,,,,,
289,314,104,4,5,5,9.02,0,0.82,,,,,,
290,313,109,3,4,3.5,9,0,0.79,,,,,,
291,307,105,2,2.5,3,7.65,0,0.58,,,,,,
292,300,102,2,1.5,2,7.87,0,0.56,,,,,,
293,302,99,2,1,2,7.97,0,0.56,,,,,,
294,312,98,1,3.5,3,8.18,1,0.64,,,,,,
295,316,101,2,2.5,2,8.32,1,0.61,,,,,,
296,317,100,2,3,2.5,8.57,0,0.68,,,,,,
297,310,107,3,3.5,3.5,8.67,0,0.76,,,,,,
298,320,120,3,4,4.5,9.11,0,0.86,,,,,,
299,330,114,3,4.5,4.5,9.24,1,0.9,,,,,,
300,305,112,3,3,3.5,8.65,0,0.71,,,,,,
301,309,106,2,2.5,2.5,8,0,0.62,,,,,,
302,319,108,2,2.5,3,8.76,0,0.66,,,,,,
303,322,105,2,3,3,8.45,1,0.65,,,,,,
304,323,107,3,3.5,3.5,8.55,1,0.73,,,,,,
305,313,106,2,2.5,2,8.43,0,0.62,,,,,,
306,321,109,3,3.5,3.5,8.8,1,0.74,,,,,,
307,323,110,3,4,3.5,9.1,1,0.79,,,,,,
308,325,112,4,4,4,9,1,0.8,,,,,,
309,312,108,3,3.5,3,8.53,0,0.69,,,,,,
310,308,110,4,3.5,3,8.6,0,0.7,,,,,,
311,320,104,3,3,3.5,8.74,1,0.76,,,,,,
312,328,108,4,4.5,4,9.18,1,0.84,,,,,,
313,311,107,4,4.5,4.5,9,1,0.78,,,,,,
314,301,100,3,3.5,3,8.04,0,0.67,,,,,,
315,305,105,2,3,4,8.13,0,0.66,,,,,,
316,308,104,2,2.5,3,8.07,0,0.65,,,,,,
317,298,101,2,1.5,2,7.86,0,0.54,,,,,,
318,300,99,1,1,2.5,8.01,0,0.58,,,,,,
319,324,111,3,2.5,2,8.8,1,0.79,,,,,,
320,327,113,4,3.5,3,8.69,1,0.8,,,,,,
321,317,106,3,4,3.5,8.5,1,0.75,,,,,,
322,323,104,3,4,4,8.44,1,0.73,,,,,,
323,314,107,2,2.5,4,8.27,0,0.72,,,,,,
324,305,102,2,2,2.5,8.18,0,0.62,,,,,,
325,315,104,3,3,2.5,8.33,0,0.67,,,,,,
326,326,116,3,3.5,4,9.14,1,0.81,,,,,,
327,299,100,3,2,2,8.02,0,0.63,,,,,,
328,295,101,2,2.5,2,7.86,0,0.69,,,,,,
329,324,112,4,4,3.5,8.77,1,0.8,,,,,,
330,297,96,2,2.5,1.5,7.89,0,0.43,,,,,,
331,327,113,3,3.5,3,8.66,1,0.8,,,,,,
332,311,105,2,3,2,8.12,1,0.73,,,,,,
333,308,106,3,3.5,2.5,8.21,1,0.75,,,,,,
334,319,108,3,3,3.5,8.54,1,0.71,,,,,,
335,312,107,4,4.5,4,8.65,1,0.73,,,,,,
336,325,111,4,4,4.5,9.11,1,0.83,,,,,,
337,319,110,3,3,2.5,8.79,0,0.72,,,,,,
338,332,118,5,5,5,9.47,1,0.94,,,,,,
339,323,108,5,4,4,8.74,1,0.81,,,,,,
340,324,107,5,3.5,4,8.66,1,0.81,,,,,,
341,312,107,3,3,3,8.46,1,0.75,,,,,,
342,326,110,3,3.5,3.5,8.76,1,0.79,,,,,,
343,308,106,3,3,3,8.24,0,0.58,,,,,,
344,305,103,2,2.5,3.5,8.13,0,0.59,,,,,,
345,295,96,2,1.5,2,7.34,0,0.47,,,,,,
346,316,98,1,1.5,2,7.43,0,0.49,,,,,,
347,304,97,2,1.5,2,7.64,0,0.47,,,,,,
348,299,94,1,1,1,7.34,0,0.42,,,,,,
349,302,99,1,2,2,7.25,0,0.57,,,,,,
350,313,101,3,2.5,3,8.04,0,0.62,,,,,,
351,318,107,3,3,3.5,8.27,1,0.74,,,,,,
352,325,110,4,3.5,4,8.67,1,0.73,,,,,,
353,303,100,2,3,3.5,8.06,1,0.64,,,,,,
354,300,102,3,3.5,2.5,8.17,0,0.63,,,,,,
355,297,98,2,2.5,3,7.67,0,0.59,,,,,,
356,317,106,2,2,3.5,8.12,0,0.73,,,,,,
357,327,109,3,3.5,4,8.77,1,0.79,,,,,,
358,301,104,2,3.5,3.5,7.89,1,0.68,,,,,,
359,314,105,2,2.5,2,7.64,0,0.7,,,,,,
360,321,107,2,2,1.5,8.44,0,0.81,,,,,,
361,322,110,3,4,5,8.64,1,0.85,,,,,,
362,334,116,4,4,3.5,9.54,1,0.93,,,,,,
363,338,115,5,4.5,5,9.23,1,0.91,,,,,,
364,306,103,2,2.5,3,8.36,0,0.69,,,,,,
365,313,102,3,3.5,4,8.9,1,0.77,,,,,,
366,330,114,4,4.5,3,9.17,1,0.86,,,,,,
367,320,104,3,3.5,4.5,8.34,1,0.74,,,,,,
368,311,98,1,1,2.5,7.46,0,0.57,,,,,,
369,298,92,1,2,2,7.88,0,0.51,,,,,,
370,301,98,1,2,3,8.03,1,0.67,,,,,,
371,310,103,2,2.5,2.5,8.24,0,0.72,,,,,,
372,324,110,3,3.5,3,9.22,1,0.89,,,,,,
373,336,119,4,4.5,4,9.62,1,0.95,,,,,,
374,321,109,3,3,3,8.54,1,0.79,,,,,,
375,315,105,2,2,2.5,7.65,0,0.39,,,,,,
376,304,101,2,2,2.5,7.66,0,0.38,,,,,,
377,297,96,2,2.5,2,7.43,0,0.34,,,,,,
378,290,100,1,1.5,2,7.56,0,0.47,,,,,,
379,303,98,1,2,2.5,7.65,0,0.56,,,,,,
380,311,99,1,2.5,3,8.43,1,0.71,,,,,,
381,322,104,3,3.5,4,8.84,1,0.78,,,,,,
382,319,105,3,3,3.5,8.67,1,0.73,,,,,,
383,324,110,4,4.5,4,9.15,1,0.82,,,,,,
384,300,100,3,3,3.5,8.26,0,0.62,,,,,,
385,340,113,4,5,5,9.74,1,0.96,,,,,,
386,335,117,5,5,5,9.82,1,0.96,,,,,,
387,302,101,2,2.5,3.5,7.96,0,0.46,,,,,,
388,307,105,2,2,3.5,8.1,0,0.53,,,,,,
389,296,97,2,1.5,2,7.8,0,0.49,,,,,,
390,320,108,3,3.5,4,8.44,1,0.76,,,,,,
391,314,102,2,2,2.5,8.24,0,0.64,,,,,,
392,318,106,3,2,3,8.65,0,0.71,,,,,,
393,326,112,4,4,3.5,9.12,1,0.84,,,,,,
394,317,104,2,3,3,8.76,0,0.77,,,,,,
395,329,111,4,4.5,4,9.23,1,0.89,,,,,,
396,324,110,3,3.5,3.5,9.04,1,0.82,,,,,,
397,325,107,3,3,3.5,9.11,1,0.84,,,,,,
398,330,116,4,5,4.5,9.45,1,0.91,,,,,,
399,312,103,3,3.5,4,8.78,0,0.67,,,,,,
400,333,117,4,5,4,9.66,1,0.95,,,,,,
